{
    "loss":{
        "0":0.2682366371,
        "1":0.1233982518,
        "2":0.095283106,
        "3":0.0760367438,
        "4":0.0638485998,
        "5":0.056937173,
        "6":0.0424504057,
        "7":0.0387357585,
        "8":0.0354965441,
        "9":0.0222331919
    },
    "accuracy":{
        "0":0.9045454264,
        "1":0.958612442,
        "2":0.968660295,
        "3":0.9741626978,
        "4":0.9796651006,
        "5":0.9830143452,
        "6":0.9863636494,
        "7":0.9889951944,
        "8":0.9901914001,
        "9":0.9947368503
    },
    "precision":{
        "0":0.9014825225,
        "1":0.958123982,
        "2":0.968421042,
        "3":0.9729923606,
        "4":0.9785100222,
        "5":0.9832535982,
        "6":0.9865964651,
        "7":0.9894711375,
        "8":0.9904260635,
        "9":0.9947355986
    },
    "recall":{
        "0":0.9019138813,
        "1":0.9578947425,
        "2":0.968421042,
        "3":0.9739234447,
        "4":0.9803828001,
        "5":0.9832535982,
        "6":0.9861243963,
        "7":0.9892344475,
        "8":0.989952147,
        "9":0.9944975972
    },
    "f1":{
        "0":0.9030489326,
        "1":0.9579156041,
        "2":0.9687566757,
        "3":0.9737411141,
        "4":0.9791356921,
        "5":0.9829069376,
        "6":0.9859734774,
        "7":0.9889431596,
        "8":0.9897688627,
        "9":0.994672358
    },
    "val_loss":{
        "0":0.1407666802,
        "1":0.1114633307,
        "2":0.1019768044,
        "3":0.0943691507,
        "4":0.0904141441,
        "5":0.0937955678,
        "6":0.1336969733,
        "7":0.1100401282,
        "8":0.1039275005,
        "9":0.1217277199
    },
    "val_accuracy":{
        "0":0.9490674138,
        "1":0.9591104984,
        "2":0.9634146094,
        "3":0.9655666947,
        "4":0.9684361815,
        "5":0.9662840962,
        "6":0.9612625241,
        "7":0.9648493528,
        "8":0.9648493528,
        "9":0.9626972675
    },
    "val_precision":{
        "0":0.9498567581,
        "1":0.9584229589,
        "2":0.96272403,
        "3":0.9648997188,
        "4":0.9683908224,
        "5":0.9669302702,
        "6":0.9618979096,
        "7":0.9648493528,
        "8":0.9654924273,
        "9":0.962007165
    },
    "val_recall":{
        "0":0.9512194991,
        "1":0.9591104984,
        "2":0.9634146094,
        "3":0.9662840962,
        "4":0.9670014381,
        "5":0.9648493528,
        "6":0.9598278403,
        "7":0.9648493528,
        "8":0.9634146094,
        "9":0.9626972675
    },
    "val_f1":{
        "0":0.9504252076,
        "1":0.9587610364,
        "2":0.9626577497,
        "3":0.9652582407,
        "4":0.9674429297,
        "5":0.9654266834,
        "6":0.9606307745,
        "7":0.964602232,
        "8":0.9642107487,
        "9":0.9621301889
    }
}