{
    "loss":{
        "0":0.1925484389,
        "1":0.1183481067,
        "2":0.0899726525,
        "3":0.0703726262,
        "4":0.061415568,
        "5":0.0463678725,
        "6":0.0364049487,
        "7":0.031120114,
        "8":0.0291651152,
        "9":0.0208816417,
        "10":0.0197729766,
        "11":0.0198701937,
        "12":0.0232763551,
        "13":0.0158727169
    },
    "accuracy":{
        "0":0.935885191,
        "1":0.9600478411,
        "2":0.9691387415,
        "3":0.9775119424,
        "4":0.9811004996,
        "5":0.9854066968,
        "6":0.989712894,
        "7":0.9909090996,
        "8":0.9904305935,
        "9":0.9942583442,
        "10":0.9944975972,
        "11":0.9944975972,
        "12":0.9935406446,
        "13":0.9964115024
    },
    "precision":{
        "0":0.9404006004,
        "1":0.9634382725,
        "2":0.9734171033,
        "3":0.9797785282,
        "4":0.9831649661,
        "5":0.9870378971,
        "6":0.989705503,
        "7":0.991614759,
        "8":0.9916187525,
        "9":0.9947292805,
        "10":0.9949712753,
        "11":0.9949712753,
        "12":0.9940148592,
        "13":0.9961722493
    },
    "recall":{
        "0":0.9210526347,
        "1":0.9519138932,
        "2":0.9636363387,
        "3":0.9736841917,
        "4":0.9779904485,
        "5":0.9837320447,
        "6":0.9889951944,
        "7":0.9901914001,
        "8":0.9906698465,
        "9":0.9933014512,
        "10":0.9940191507,
        "11":0.9940191507,
        "12":0.9933014512,
        "13":0.9961722493
    },
    "f1":{
        "0":0.9310697317,
        "1":0.9575196505,
        "2":0.9680203199,
        "3":0.9769340158,
        "4":0.9807622433,
        "5":0.9855212569,
        "6":0.9894639254,
        "7":0.9909906983,
        "8":0.9912236333,
        "9":0.9940721989,
        "10":0.9940266609,
        "11":0.9945417643,
        "12":0.9937235713,
        "13":0.9956967831
    },
    "val_loss":{
        "0":0.1179892868,
        "1":0.1151398346,
        "2":0.1305228323,
        "3":0.0970681608,
        "4":0.089267008,
        "5":0.0879031867,
        "6":0.1034474298,
        "7":0.1318711638,
        "8":0.0839807764,
        "9":0.1365031302,
        "10":0.1744257808,
        "11":0.1147317439,
        "12":0.1087682694,
        "13":0.136302039
    },
    "val_accuracy":{
        "0":0.9512194991,
        "1":0.9562410116,
        "2":0.9562410116,
        "3":0.9612625241,
        "4":0.9662840962,
        "5":0.9713056087,
        "6":0.9641320109,
        "7":0.9612625241,
        "8":0.9734576941,
        "9":0.96771878,
        "10":0.9526542425,
        "11":0.9734576941,
        "12":0.9713056087,
        "13":0.9612625241
    },
    "val_precision":{
        "0":0.9572153687,
        "1":0.9616497755,
        "2":0.9614545703,
        "3":0.9637681246,
        "4":0.9668826461,
        "5":0.9712023139,
        "6":0.9648241401,
        "7":0.9625090361,
        "8":0.9768953323,
        "9":0.9696969986,
        "10":0.9558610916,
        "11":0.9748020172,
        "12":0.9726421833,
        "13":0.9653429389
    },
    "val_recall":{
        "0":0.9469153285,
        "1":0.9533715844,
        "2":0.9483500719,
        "3":0.9540889263,
        "4":0.9634146094,
        "5":0.96771878,
        "6":0.9641320109,
        "7":0.957675755,
        "8":0.9705882072,
        "9":0.9641320109,
        "10":0.94763273,
        "11":0.9713056087,
        "12":0.9691535234,
        "13":0.9591104984
    },
    "val_f1":{
        "0":0.9519531131,
        "1":0.9572986364,
        "2":0.9548391104,
        "3":0.9588497281,
        "4":0.9648422003,
        "5":0.9691541791,
        "6":0.964232862,
        "7":0.9598646164,
        "8":0.9733478427,
        "9":0.9666374326,
        "10":0.9516267776,
        "11":0.9727111459,
        "12":0.9708068371,
        "13":0.9619569182
    }
}