{
    "loss":{
        "0":0.198072806,
        "1":0.119085364,
        "2":0.0942083076,
        "3":0.0744394362,
        "4":0.0634068102,
        "5":0.0520988256,
        "6":0.0374425314,
        "7":0.0373882838,
        "8":0.0277457926,
        "9":0.0263154618,
        "10":0.0197480377,
        "11":0.0208897907,
        "12":0.0161421169,
        "13":0.0128160631,
        "14":0.0152820768,
        "15":0.0150108188,
        "16":0.0123057766,
        "17":0.0144319404
    },
    "accuracy":{
        "0":0.9275119901,
        "1":0.9593301415,
        "2":0.9667463899,
        "3":0.9739234447,
        "4":0.9794258475,
        "5":0.9832535982,
        "6":0.9894737005,
        "7":0.9892344475,
        "8":0.9913875461,
        "9":0.9921052456,
        "10":0.9940191507,
        "11":0.9942583442,
        "12":0.9961722493,
        "13":0.9976076484,
        "14":0.9956938028,
        "15":0.9973683953,
        "16":0.9966506958,
        "17":0.9966506958
    },
    "precision":{
        "0":0.928417027,
        "1":0.9562008977,
        "2":0.9640647173,
        "3":0.9716531634,
        "4":0.9782505035,
        "5":0.9813886881,
        "6":0.9878281355,
        "7":0.9878310561,
        "8":0.9902148247,
        "9":0.9909220934,
        "10":0.9933094382,
        "11":0.9942583442,
        "12":0.9959349632,
        "13":0.9976076484,
        "14":0.9947431087,
        "15":0.9971292019,
        "16":0.9966515303,
        "17":0.9966506958
    },
    "recall":{
        "0":0.9246411324,
        "1":0.9610047936,
        "2":0.9691387415,
        "3":0.9758373499,
        "4":0.9791865945,
        "5":0.9839712977,
        "6":0.9901914001,
        "7":0.9904305935,
        "8":0.9925837517,
        "9":0.9923444986,
        "10":0.9944975972,
        "11":0.9942583442,
        "12":0.9964115024,
        "13":0.9976076484,
        "14":0.9959329963,
        "15":0.9971292019,
        "16":0.9968899488,
        "17":0.9966506958
    },
    "f1":{
        "0":0.9259068966,
        "1":0.9584998488,
        "2":0.9670199156,
        "3":0.9735594988,
        "4":0.9784380794,
        "5":0.9818136096,
        "6":0.9891244173,
        "7":0.9887447953,
        "8":0.9914939404,
        "9":0.9912075996,
        "10":0.9939694405,
        "11":0.9943142533,
        "12":0.9962158203,
        "13":0.9976325631,
        "14":0.9954061508,
        "15":0.9971572161,
        "16":0.9968083501,
        "17":0.9966856241
    },
    "val_loss":{
        "0":0.2405793071,
        "1":0.1405165792,
        "2":0.0937007889,
        "3":0.0863177404,
        "4":0.1411579102,
        "5":0.0857364386,
        "6":0.0841528699,
        "7":0.2426585704,
        "8":0.1080559567,
        "9":0.2680159509,
        "10":0.1003543735,
        "11":0.1007928252,
        "12":0.1166094467,
        "13":0.1661086679,
        "14":0.1336198598,
        "15":0.119671911,
        "16":0.1528462023,
        "17":0.1236694828
    },
    "val_accuracy":{
        "0":0.9160688519,
        "1":0.9490674138,
        "2":0.9605451822,
        "3":0.96771878,
        "4":0.9505021572,
        "5":0.96771878,
        "6":0.974175036,
        "7":0.91535151,
        "8":0.9748923779,
        "9":0.9383070469,
        "10":0.96771878,
        "11":0.9720229506,
        "12":0.974175036,
        "13":0.9684361815,
        "14":0.9662840962,
        "15":0.9713056087,
        "16":0.9713056087,
        "17":0.9748923779
    },
    "val_precision":{
        "0":0.9141016603,
        "1":0.9479686618,
        "2":0.96272403,
        "3":0.9670251012,
        "4":0.946808517,
        "5":0.9664285779,
        "6":0.9706933498,
        "7":0.908898294,
        "8":0.9742304683,
        "9":0.9331911802,
        "10":0.9670014381,
        "11":0.9720630646,
        "12":0.9714081287,
        "13":0.9643111825,
        "14":0.9664045572,
        "15":0.969935596,
        "16":0.9706303477,
        "17":0.9742489457
    },
    "val_recall":{
        "0":0.9160688519,
        "1":0.9540889263,
        "2":0.9634146094,
        "3":0.96771878,
        "4":0.957675755,
        "5":0.9705882072,
        "6":0.974175036,
        "7":0.9232424498,
        "8":0.9763271213,
        "9":0.941893816,
        "10":0.9670014381,
        "11":0.9734576941,
        "12":0.9748923779,
        "13":0.9691535234,
        "14":0.9698708653,
        "15":0.9720229506,
        "16":0.9720229506,
        "17":0.9770444632
    },
    "val_f1":{
        "0":0.9147247076,
        "1":0.9511069655,
        "2":0.9627721906,
        "3":0.9670792222,
        "4":0.9523395896,
        "5":0.9683713317,
        "6":0.9720132947,
        "7":0.9163751602,
        "8":0.9749418497,
        "9":0.9377990961,
        "10":0.9667381644,
        "11":0.9723713398,
        "12":0.9728332162,
        "13":0.9666723013,
        "14":0.9677743316,
        "15":0.9708898664,
        "16":0.9710159898,
        "17":0.9752996564
    }
}