{
    "loss":{
        "0":0.6073202491,
        "1":0.5636092424,
        "2":0.5496852398,
        "3":0.53927356,
        "4":0.5327453613,
        "5":0.5276188254,
        "6":0.5227140188,
        "7":0.5229440928,
        "8":0.5154818296,
        "9":0.515866518
    },
    "accuracy":{
        "0":0.9229664803,
        "1":0.9576554894,
        "2":0.967224896,
        "3":0.9739234447,
        "4":0.9801435471,
        "5":0.9796651006,
        "6":0.9863636494,
        "7":0.9846889973,
        "8":0.9916267991,
        "9":0.9909090996
    },
    "precision":{
        "0":0.9220468402,
        "1":0.9579148889,
        "2":0.9669540524,
        "3":0.9739109874,
        "4":0.9798802137,
        "5":0.9810733199,
        "6":0.9868200421,
        "7":0.9863079786,
        "8":0.9928040504,
        "9":0.9920787215
    },
    "recall":{
        "0":0.9224880338,
        "1":0.958373189,
        "2":0.9660286903,
        "3":0.9734449983,
        "4":0.978708148,
        "5":0.9796651006,
        "6":0.9851674438,
        "7":0.9822966456,
        "8":0.9901914001,
        "9":0.988756001
    },
    "f1":{
        "0":0.9220348001,
        "1":0.9580621719,
        "2":0.9668441415,
        "3":0.9739485979,
        "4":0.9795150757,
        "5":0.9805570841,
        "6":0.986132443,
        "7":0.983902216,
        "8":0.991566658,
        "9":0.9905042648
    },
    "val_loss":{
        "0":0.6170244813,
        "1":0.5517594814,
        "2":0.5546012521,
        "3":0.547244966,
        "4":0.5682899952,
        "5":0.5465860367,
        "6":0.5554475188,
        "7":0.5645027161,
        "8":0.5504363775,
        "9":0.5474236012
    },
    "val_accuracy":{
        "0":0.9038737416,
        "1":0.9612625241,
        "2":0.9591104984,
        "3":0.9626972675,
        "4":0.9505021572,
        "5":0.9698708653,
        "6":0.9662840962,
        "7":0.9562410116,
        "8":0.9684361815,
        "9":0.9734576941
    },
    "val_precision":{
        "0":0.9071791172,
        "1":0.9640029073,
        "2":0.9618704915,
        "3":0.9654178619,
        "4":0.9517985582,
        "5":0.9697624445,
        "6":0.9690201879,
        "7":0.9574007392,
        "8":0.9704397917,
        "9":0.9754866362
    },
    "val_recall":{
        "0":0.8974174857,
        "1":0.9605451822,
        "2":0.9591104984,
        "3":0.9612625241,
        "4":0.9490674138,
        "5":0.9662840962,
        "6":0.9648493528,
        "7":0.9512194991,
        "8":0.9655666947,
        "9":0.9705882072
    },
    "val_f1":{
        "0":0.9025407434,
        "1":0.9619954824,
        "2":0.9603700638,
        "3":0.9630582929,
        "4":0.950501442,
        "5":0.967893362,
        "6":0.9668418765,
        "7":0.9541326761,
        "8":0.9674448371,
        "9":0.9726829529
    }
}