{
    "loss":{
        "0":0.5374715924,
        "1":0.4098101854,
        "2":0.3821913898,
        "3":0.3691524267,
        "4":0.3624270856,
        "5":0.3548597097,
        "6":0.3491718173,
        "7":0.3419242799,
        "8":0.3346314728,
        "9":0.3273874819
    },
    "accuracy":{
        "0":0.8222488165,
        "1":0.8684210777,
        "2":0.8691387773,
        "3":0.8691387773,
        "4":0.8688995242,
        "5":0.8688995242,
        "6":0.8688995242,
        "7":0.8688995242,
        "8":0.8688995242,
        "9":0.8691387773
    },
    "precision":{
        "0":0.8220545053,
        "1":0.868263483,
        "2":0.8688681722,
        "3":0.8691074252,
        "4":0.8688995242,
        "5":0.8690761328,
        "6":0.8690761328,
        "7":0.8688995242,
        "8":0.8691387773,
        "9":0.8691387773
    },
    "recall":{
        "0":0.8078947663,
        "1":0.8672248721,
        "2":0.8686602712,
        "3":0.8688995242,
        "4":0.8688995242,
        "5":0.8686602712,
        "6":0.8686602712,
        "7":0.8688995242,
        "8":0.8691387773,
        "9":0.8691387773
    },
    "f1":{
        "0":0.8130570054,
        "1":0.8675356507,
        "2":0.868257463,
        "3":0.867244482,
        "4":0.8702646494,
        "5":0.8691880703,
        "6":0.8697107434,
        "7":0.867143631,
        "8":0.8694692254,
        "9":0.868937254
    },
    "val_loss":{
        "0":0.4502075315,
        "1":0.404856652,
        "2":0.3910669982,
        "3":0.38348037,
        "4":0.3770327568,
        "5":0.3706504703,
        "6":0.3638499677,
        "7":0.3563692868,
        "8":0.3487152159,
        "9":0.3400113583
    },
    "val_accuracy":{
        "0":0.8550932407,
        "1":0.8550932407,
        "2":0.8565279841,
        "3":0.8565279841,
        "4":0.8565279841,
        "5":0.8565279841,
        "6":0.8565279841,
        "7":0.8565279841,
        "8":0.8565279841,
        "9":0.8565279841
    },
    "val_precision":{
        "0":0.8538681865,
        "1":0.8558106422,
        "2":0.8558106422,
        "3":0.8559139967,
        "4":0.8559139967,
        "5":0.8559139967,
        "6":0.8559139967,
        "7":0.8560171723,
        "8":0.8560171723,
        "9":0.8560171723
    },
    "val_recall":{
        "0":0.8550932407,
        "1":0.8558106422,
        "2":0.8558106422,
        "3":0.8565279841,
        "4":0.8565279841,
        "5":0.8565279841,
        "6":0.8565279841,
        "7":0.857245326,
        "8":0.857245326,
        "9":0.857245326
    },
    "val_f1":{
        "0":0.854682982,
        "1":0.8560445905,
        "2":0.8560445905,
        "3":0.8564584851,
        "4":0.8564584851,
        "5":0.8564584851,
        "6":0.8564584851,
        "7":0.8568769097,
        "8":0.8568769097,
        "9":0.8568769097
    }
}