{
    "loss":{
        "0":0.7226640582,
        "1":0.7155635357,
        "2":0.7072626948,
        "3":0.7002056241,
        "4":0.6932121515,
        "5":0.6854022741,
        "6":0.6791043878,
        "7":0.6717131734,
        "8":0.6636997461,
        "9":0.6565157771
    },
    "accuracy":{
        "0":0.3531100452,
        "1":0.3916268051,
        "2":0.442822963,
        "3":0.4837320447,
        "4":0.5244019032,
        "5":0.5813397169,
        "6":0.6229665279,
        "7":0.6653109789,
        "8":0.7055023909,
        "9":0.7430621982
    },
    "precision":{
        "0":0.3733653724,
        "1":0.4085252881,
        "2":0.4537234008,
        "3":0.4915623367,
        "4":0.527651608,
        "5":0.575006783,
        "6":0.6101514697,
        "7":0.6426659822,
        "8":0.6829397678,
        "9":0.7128661275
    },
    "recall":{
        "0":0.3346889913,
        "1":0.3691387475,
        "2":0.4081339836,
        "3":0.4320574105,
        "4":0.4724880457,
        "5":0.5052631497,
        "6":0.5492823124,
        "7":0.5744019151,
        "8":0.6157894731,
        "9":0.6521531343
    },
    "f1":{
        "0":0.3527959585,
        "1":0.3879871368,
        "2":0.4264191091,
        "3":0.4602402151,
        "4":0.4969348907,
        "5":0.5347198248,
        "6":0.5779088736,
        "7":0.6075280905,
        "8":0.6473409534,
        "9":0.6809000373
    },
    "val_loss":{
        "0":0.7137431502,
        "1":0.7067252398,
        "2":0.699622035,
        "3":0.6924352646,
        "4":0.6851859689,
        "5":0.6779505014,
        "6":0.6707241535,
        "7":0.663492322,
        "8":0.6562983394,
        "9":0.64912498
    },
    "val_accuracy":{
        "0":0.3529411852,
        "1":0.3880918324,
        "2":0.4526542425,
        "3":0.5308464766,
        "4":0.5954089165,
        "5":0.6714490652,
        "6":0.7252510786,
        "7":0.7604017258,
        "8":0.779053092,
        "9":0.7998565435
    },
    "val_precision":{
        "0":0.3600000143,
        "1":0.4068376124,
        "2":0.4625212848,
        "3":0.5296108127,
        "4":0.5845896006,
        "5":0.6435070038,
        "6":0.7079573274,
        "7":0.7439613342,
        "8":0.775590539,
        "9":0.7973291278
    },
    "val_recall":{
        "0":0.3098995686,
        "1":0.3414634168,
        "2":0.389526546,
        "3":0.4490674436,
        "4":0.5007173419,
        "5":0.558106184,
        "6":0.6190817952,
        "7":0.662840724,
        "8":0.7065997124,
        "9":0.7281205058
    },
    "val_f1":{
        "0":0.3313094378,
        "1":0.369707495,
        "2":0.4217808843,
        "3":0.4848389924,
        "4":0.5381312966,
        "5":0.5975979567,
        "6":0.6607974768,
        "7":0.7011761665,
        "8":0.7397928238,
        "9":0.7609897256
    }
}