{
    "loss":{
        "0":0.2028351575,
        "1":0.112633884,
        "2":0.0922356024,
        "3":0.0727705285,
        "4":0.0552396029,
        "5":0.0453311913,
        "6":0.0411973782,
        "7":0.0331939012,
        "8":0.0264548715,
        "9":0.0231167842,
        "10":0.0183269419,
        "11":0.0184715372,
        "12":0.0168812964,
        "13":0.0190629177,
        "14":0.0150717096,
        "15":0.01522501
    },
    "accuracy":{
        "0":0.9234449863,
        "1":0.9602870941,
        "2":0.9700956941,
        "3":0.9760765433,
        "4":0.9820573926,
        "5":0.9834928513,
        "6":0.9868420959,
        "7":0.989712894,
        "8":0.9935406446,
        "9":0.9933014512,
        "10":0.9961722493,
        "11":0.9949761033,
        "12":0.9956938028,
        "13":0.9954545498,
        "14":0.9961722493,
        "15":0.9968899488
    },
    "precision":{
        "0":0.9187145829,
        "1":0.9541045427,
        "2":0.9675958753,
        "3":0.9735209942,
        "4":0.9804576039,
        "5":0.9830306172,
        "6":0.9863864183,
        "7":0.9892421961,
        "8":0.9935421944,
        "9":0.9933030605,
        "10":0.9964080453,
        "11":0.9952164292,
        "12":0.9952164292,
        "13":0.9954523444,
        "14":0.9956968427,
        "15":0.9968899488
    },
    "recall":{
        "0":0.9301435351,
        "1":0.9648325443,
        "2":0.9715310931,
        "3":0.9763157964,
        "4":0.9842105508,
        "5":0.9839712977,
        "6":0.9880383015,
        "7":0.989952147,
        "8":0.9937798977,
        "9":0.9935406446,
        "10":0.9954545498,
        "11":0.9954545498,
        "12":0.9954545498,
        "13":0.9949761033,
        "14":0.9964115024,
        "15":0.9968899488
    },
    "f1":{
        "0":0.926525414,
        "1":0.9594110847,
        "2":0.9688382149,
        "3":0.9751834273,
        "4":0.9825302958,
        "5":0.9831492305,
        "6":0.9873272181,
        "7":0.9897062182,
        "8":0.9937272668,
        "9":0.9934942126,
        "10":0.9959661365,
        "11":0.9953863025,
        "12":0.9953844547,
        "13":0.9947423935,
        "14":0.9960983992,
        "15":0.9969223738
    },
    "val_loss":{
        "0":0.1237178147,
        "1":0.1241529584,
        "2":0.130592525,
        "3":0.0899357274,
        "4":0.1069837362,
        "5":0.0932093114,
        "6":0.0858548656,
        "7":0.0952415764,
        "8":0.1171398833,
        "9":0.1066351682,
        "10":0.2141287923,
        "11":0.1297709346,
        "12":0.1186483502,
        "13":0.1462405026,
        "14":0.123842366,
        "15":0.1351231933
    },
    "val_accuracy":{
        "0":0.9490674138,
        "1":0.9497848153,
        "2":0.9461979866,
        "3":0.9662840962,
        "4":0.9634146094,
        "5":0.9684361815,
        "6":0.9734576941,
        "7":0.9734576941,
        "8":0.96771878,
        "9":0.9720229506,
        "10":0.957675755,
        "11":0.9720229506,
        "12":0.974175036,
        "13":0.9662840962,
        "14":0.9763271213,
        "15":0.9698708653
    },
    "val_precision":{
        "0":0.94860816,
        "1":0.9460610151,
        "2":0.9429793358,
        "3":0.9656160474,
        "4":0.9620887041,
        "5":0.9636752009,
        "6":0.9713876843,
        "7":0.9721428752,
        "8":0.9663564563,
        "9":0.9720430374,
        "10":0.9583930969,
        "11":0.9706513882,
        "12":0.974193573,
        "13":0.9649749994,
        "14":0.9742857218,
        "15":0.968503952
    },
    "val_recall":{
        "0":0.9533715844,
        "1":0.9562410116,
        "2":0.9490674138,
        "3":0.9670014381,
        "4":0.9648493528,
        "5":0.9705882072,
        "6":0.974175036,
        "7":0.9763271213,
        "8":0.9684361815,
        "9":0.9727402925,
        "10":0.9583930969,
        "11":0.9727402925,
        "12":0.9748923779,
        "13":0.9684361815,
        "14":0.9784792066,
        "15":0.9705882072
    },
    "val_f1":{
        "0":0.9506995678,
        "1":0.9510291815,
        "2":0.945976615,
        "3":0.9660612345,
        "4":0.9634354115,
        "5":0.9670909643,
        "6":0.972464323,
        "7":0.9740667939,
        "8":0.9671293497,
        "9":0.9722719789,
        "10":0.9581989646,
        "11":0.9715784192,
        "12":0.9741985798,
        "13":0.9662476182,
        "14":0.9761235714,
        "15":0.9692380428
    }
}