{
    "loss":{
        "0":0.1990023553,
        "1":0.1172185466,
        "2":0.0933206975,
        "3":0.0749397203,
        "4":0.0630587786,
        "5":0.0482552648,
        "6":0.039317809,
        "7":0.0352230892,
        "8":0.0272590853,
        "9":0.0207486507,
        "10":0.0216177739,
        "11":0.018720055,
        "12":0.0168156587,
        "13":0.0157203265,
        "14":0.0217394326
    },
    "accuracy":{
        "0":0.9289473891,
        "1":0.9622009397,
        "2":0.9677033424,
        "3":0.9739234447,
        "4":0.979904294,
        "5":0.9842105508,
        "6":0.9870813489,
        "7":0.9911483526,
        "8":0.9930621982,
        "9":0.9935406446,
        "10":0.9930621982,
        "11":0.9937798977,
        "12":0.9952152967,
        "13":0.9954545498,
        "14":0.9947368503
    },
    "precision":{
        "0":0.9128015041,
        "1":0.955234468,
        "2":0.9634984732,
        "3":0.9707699418,
        "4":0.9771373868,
        "5":0.9827957153,
        "6":0.9868484139,
        "7":0.9909112453,
        "8":0.9932998419,
        "9":0.9933078289,
        "10":0.9925908446,
        "11":0.9933094382,
        "12":0.9942666292,
        "13":0.995457828,
        "14":0.9940248728
    },
    "recall":{
        "0":0.9416267872,
        "1":0.9648325443,
        "2":0.9724880457,
        "3":0.9772727489,
        "4":0.9815789461,
        "5":0.9839712977,
        "6":0.9873206019,
        "7":0.9911483526,
        "8":0.9930621982,
        "9":0.9942583442,
        "10":0.9935406446,
        "11":0.9944975972,
        "12":0.9956938028,
        "13":0.9961722493,
        "14":0.9949761033
    },
    "f1":{
        "0":0.9286275506,
        "1":0.960455358,
        "2":0.9678099155,
        "3":0.9737817049,
        "4":0.9790639877,
        "5":0.9835651517,
        "6":0.9872249365,
        "7":0.9911174178,
        "8":0.993255496,
        "9":0.9938575029,
        "10":0.9928840995,
        "11":0.9939731359,
        "12":0.994785428,
        "13":0.9958598018,
        "14":0.9945586324
    },
    "val_loss":{
        "0":0.1329705119,
        "1":0.1063061133,
        "2":0.1480110884,
        "3":0.0845895037,
        "4":0.1092122346,
        "5":0.1163847521,
        "6":0.0905036032,
        "7":0.1270318329,
        "8":0.1020800099,
        "9":0.1608292311,
        "10":0.11907956,
        "11":0.1856021583,
        "12":0.1220141128,
        "13":0.1476450413,
        "14":0.1164392531
    },
    "val_accuracy":{
        "0":0.9583930969,
        "1":0.9533715844,
        "2":0.9497848153,
        "3":0.9655666947,
        "4":0.9619799256,
        "5":0.9691535234,
        "6":0.9705882072,
        "7":0.9670014381,
        "8":0.9713056087,
        "9":0.9648493528,
        "10":0.9684361815,
        "11":0.9626972675,
        "12":0.9720229506,
        "13":0.9713056087,
        "14":0.9698708653
    },
    "val_precision":{
        "0":0.9517045617,
        "1":0.9495738745,
        "2":0.9452736378,
        "3":0.9636493325,
        "4":0.9579472542,
        "5":0.9670487046,
        "6":0.9698925018,
        "7":0.9664045572,
        "8":0.969935596,
        "9":0.9628040195,
        "10":0.9670487046,
        "11":0.96272403,
        "12":0.9713466763,
        "13":0.9685264826,
        "14":0.9691976905
    },
    "val_recall":{
        "0":0.9612625241,
        "1":0.9591104984,
        "2":0.9540889263,
        "3":0.9698708653,
        "4":0.9641320109,
        "5":0.9684361815,
        "6":0.9705882072,
        "7":0.9698708653,
        "8":0.9720229506,
        "9":0.9655666947,
        "10":0.9684361815,
        "11":0.9634146094,
        "12":0.9727402925,
        "13":0.9713056087,
        "14":0.9705882072
    },
    "val_f1":{
        "0":0.9563152194,
        "1":0.9540185332,
        "2":0.9497808218,
        "3":0.9666994214,
        "4":0.9608191848,
        "5":0.9674701691,
        "6":0.9701523185,
        "7":0.968082428,
        "8":0.9708517194,
        "9":0.9641513824,
        "10":0.9676584601,
        "11":0.9628514647,
        "12":0.9719253778,
        "13":0.9698166251,
        "14":0.9697891474
    }
}