{
    "loss":{
        "0":0.19494313,
        "1":0.1139450073,
        "2":0.0884893239,
        "3":0.0702808127,
        "4":0.0579560399,
        "5":0.045543883,
        "6":0.0422779433,
        "7":0.0320890956,
        "8":0.0266177822,
        "9":0.0235628523,
        "10":0.0218551811,
        "11":0.0189354997,
        "12":0.0161631964,
        "13":0.014978569,
        "14":0.0146529386,
        "15":0.0116979824,
        "16":0.0127417371,
        "17":0.0109523684,
        "18":0.0102764992
    },
    "accuracy":{
        "0":0.9265550375,
        "1":0.959808588,
        "2":0.9724880457,
        "3":0.9782296419,
        "4":0.9815789461,
        "5":0.9861243963,
        "6":0.9866028428,
        "7":0.989952147,
        "8":0.9928229451,
        "9":0.9935406446,
        "10":0.9952152967,
        "11":0.9944975972,
        "12":0.9966506958,
        "13":0.9952152967,
        "14":0.9966506958,
        "15":0.9973683953,
        "16":0.9976076484,
        "17":0.9976076484,
        "18":0.9976076484
    },
    "precision":{
        "0":0.9283646941,
        "1":0.96271348,
        "2":0.9736400843,
        "3":0.9791367054,
        "4":0.9806636572,
        "5":0.985427618,
        "6":0.9870689511,
        "7":0.9897104502,
        "8":0.9925872684,
        "9":0.9928315282,
        "10":0.9952141643,
        "11":0.9942597747,
        "12":0.9964123368,
        "13":0.9949761033,
        "14":0.9961740971,
        "15":0.9968921542,
        "16":0.9973683953,
        "17":0.9976071119,
        "18":0.9976076484
    },
    "recall":{
        "0":0.9208133817,
        "1":0.957416296,
        "2":0.9720095396,
        "3":0.9767942429,
        "4":0.9827750921,
        "5":0.9868420959,
        "6":0.9861243963,
        "7":0.9894737005,
        "8":0.9930621982,
        "9":0.9940191507,
        "10":0.9949761033,
        "11":0.9944975972,
        "12":0.9966506958,
        "13":0.9949761033,
        "14":0.9966506958,
        "15":0.9976076484,
        "16":0.9973683953,
        "17":0.9973683953,
        "18":0.9976076484
    },
    "f1":{
        "0":0.925691247,
        "1":0.959425211,
        "2":0.9725939631,
        "3":0.9781838655,
        "4":0.9813930392,
        "5":0.9857625961,
        "6":0.9867440462,
        "7":0.9896950126,
        "8":0.9929032922,
        "9":0.9935034513,
        "10":0.9951458573,
        "11":0.9944411516,
        "12":0.9965716004,
        "13":0.9950284362,
        "14":0.9964507222,
        "15":0.9972820878,
        "16":0.9973958135,
        "17":0.9975132942,
        "18":0.9976325631
    },
    "val_loss":{
        "0":0.116128765,
        "1":0.1142690405,
        "2":0.1046844646,
        "3":0.1152975112,
        "4":0.250179112,
        "5":0.236111477,
        "6":0.0840477645,
        "7":0.1122645363,
        "8":0.1248508617,
        "9":0.1277983189,
        "10":0.1621572077,
        "11":0.1066070423,
        "12":0.1304952353,
        "13":0.1378345788,
        "14":0.1202266663,
        "15":0.1400265396,
        "16":0.1669072956,
        "17":0.1332858652,
        "18":0.1501526982
    },
    "val_accuracy":{
        "0":0.9583930969,
        "1":0.9591104984,
        "2":0.9655666947,
        "3":0.9548063278,
        "4":0.9189382792,
        "5":0.9175035954,
        "6":0.9705882072,
        "7":0.9648493528,
        "8":0.96771878,
        "9":0.9641320109,
        "10":0.9626972675,
        "11":0.9705882072,
        "12":0.9734576941,
        "13":0.9705882072,
        "14":0.9713056087,
        "15":0.9705882072,
        "16":0.96771878,
        "17":0.9727402925,
        "18":0.9720229506
    },
    "val_precision":{
        "0":0.961594224,
        "1":0.9631769061,
        "2":0.963493228,
        "3":0.954220295,
        "4":0.9191918969,
        "5":0.918587923,
        "6":0.9670958519,
        "7":0.9641833901,
        "8":0.9649749994,
        "9":0.9642346501,
        "10":0.9626972675,
        "11":0.9706093073,
        "12":0.974193573,
        "13":0.9699140191,
        "14":0.9706303477,
        "15":0.9699140191,
        "16":0.9656897783,
        "17":0.9727793932,
        "18":0.970672369
    },
    "val_recall":{
        "0":0.9519369006,
        "1":0.9569584131,
        "2":0.9655666947,
        "3":0.9569584131,
        "4":0.9139167666,
        "5":0.9146341681,
        "6":0.9698708653,
        "7":0.9655666947,
        "8":0.9684361815,
        "9":0.9670014381,
        "10":0.9626972675,
        "11":0.9713056087,
        "12":0.9748923779,
        "13":0.9713056087,
        "14":0.9720229506,
        "15":0.9713056087,
        "16":0.9691535234,
        "17":0.974175036,
        "18":0.9734576941
    },
    "val_f1":{
        "0":0.95679003,
        "1":0.9600349665,
        "2":0.9647259116,
        "3":0.9552747607,
        "4":0.9169399142,
        "5":0.9169492722,
        "6":0.9684066772,
        "7":0.9644253254,
        "8":0.9664521813,
        "9":0.9651630521,
        "10":0.9624715447,
        "11":0.9704316854,
        "12":0.9742094278,
        "13":0.9705104232,
        "14":0.9708119035,
        "15":0.97030586,
        "16":0.9671237469,
        "17":0.9731304646,
        "18":0.9717537165
    }
}