{
    "loss":{
        "0":0.1968434751,
        "1":0.1180106923,
        "2":0.0892545804,
        "3":0.0701305941,
        "4":0.0608650707,
        "5":0.0463335179,
        "6":0.0391904153,
        "7":0.032539919,
        "8":0.0273392089,
        "9":0.0234481189,
        "10":0.0190751925,
        "11":0.0156809278,
        "12":0.0151747158,
        "13":0.0138794724,
        "14":0.0149835944,
        "15":0.0163625889,
        "16":0.0114220856
    },
    "accuracy":{
        "0":0.9282296896,
        "1":0.959808588,
        "2":0.9708133936,
        "3":0.9763157964,
        "4":0.9818181992,
        "5":0.9861243963,
        "6":0.9892344475,
        "7":0.9911483526,
        "8":0.9925837517,
        "9":0.9930621982,
        "10":0.9949761033,
        "11":0.9954545498,
        "12":0.9959329963,
        "13":0.9966506958,
        "14":0.9952152967,
        "15":0.9956938028,
        "16":0.9978469014
    },
    "precision":{
        "0":0.9143389463,
        "1":0.9485794902,
        "2":0.962046206,
        "3":0.9685578942,
        "4":0.9765068889,
        "5":0.9800994992,
        "6":0.9862003326,
        "7":0.9892755151,
        "8":0.9890528321,
        "9":0.9916567206,
        "10":0.9937888384,
        "11":0.9947469234,
        "12":0.9952221513,
        "13":0.9966506958,
        "14":0.9947443604,
        "15":0.9952210188,
        "16":0.9978469014
    },
    "recall":{
        "0":0.9397129416,
        "1":0.9665071964,
        "2":0.9763157964,
        "3":0.9801435471,
        "4":0.9844497442,
        "5":0.989712894,
        "6":0.9916267991,
        "7":0.9930621982,
        "8":0.9942583442,
        "9":0.9952152967,
        "10":0.9952152967,
        "11":0.9966506958,
        "12":0.9966506958,
        "13":0.9966506958,
        "14":0.9961722493,
        "15":0.9964115024,
        "16":0.9978469014
    },
    "f1":{
        "0":0.9272662401,
        "1":0.957708478,
        "2":0.9679570198,
        "3":0.9746806026,
        "4":0.9801610112,
        "5":0.9850664735,
        "6":0.9890400171,
        "7":0.991286099,
        "8":0.9917667508,
        "9":0.9935124516,
        "10":0.9945641756,
        "11":0.9957550764,
        "12":0.9959863424,
        "13":0.9966856241,
        "14":0.9955167174,
        "15":0.9958688021,
        "16":0.9978693128
    },
    "val_loss":{
        "0":0.153283,
        "1":0.1316003799,
        "2":0.380025804,
        "3":0.0862474293,
        "4":0.1167227328,
        "5":0.0865466073,
        "6":0.0958486497,
        "7":0.0840902403,
        "8":0.0920821205,
        "9":0.0973731056,
        "10":0.1199476644,
        "11":0.1324047893,
        "12":0.1000080407,
        "13":0.1135758087,
        "14":0.1140605658,
        "15":0.1158221811,
        "16":0.1734761596
    },
    "val_accuracy":{
        "0":0.9375896454,
        "1":0.9461979866,
        "2":0.8579626679,
        "3":0.9655666947,
        "4":0.9641320109,
        "5":0.9698708653,
        "6":0.974175036,
        "7":0.974175036,
        "8":0.9748923779,
        "9":0.9770444632,
        "10":0.9648493528,
        "11":0.9684361815,
        "12":0.9727402925,
        "13":0.9698708653,
        "14":0.9698708653,
        "15":0.9756097794,
        "16":0.9734576941
    },
    "val_precision":{
        "0":0.9237762094,
        "1":0.9395447969,
        "2":0.8414217234,
        "3":0.9622238278,
        "4":0.9567988515,
        "5":0.9651988745,
        "6":0.9686833024,
        "7":0.9707769156,
        "8":0.9721627235,
        "9":0.9701067805,
        "10":0.962962985,
        "11":0.9672130942,
        "12":0.9707351923,
        "13":0.966452539,
        "14":0.967903018,
        "15":0.9735903144,
        "16":0.9707351923
    },
    "val_recall":{
        "0":0.94763273,
        "1":0.94763273,
        "2":0.8830702901,
        "3":0.9684361815,
        "4":0.9691535234,
        "5":0.9748923779,
        "6":0.9763271213,
        "7":0.9770444632,
        "8":0.9770444632,
        "9":0.9777618647,
        "10":0.9698708653,
        "11":0.9734576941,
        "12":0.9756097794,
        "13":0.9713056087,
        "14":0.9734576941,
        "15":0.9784792066,
        "16":0.9756097794
    },
    "val_f1":{
        "0":0.9355739951,
        "1":0.9435694218,
        "2":0.8619829416,
        "3":0.9650203586,
        "4":0.9628209472,
        "5":0.9698414207,
        "6":0.9721996188,
        "7":0.9736843705,
        "8":0.9744470119,
        "9":0.9738020301,
        "10":0.9661980271,
        "11":0.9701497555,
        "12":0.9730371833,
        "13":0.9685336947,
        "14":0.9705129862,
        "15":0.9758780003,
        "16":0.9730702043
    }
}