{
    "loss":{
        "0":0.6898255944,
        "1":0.6871134043,
        "2":0.6850387454,
        "3":0.6833530068,
        "4":0.6819054484,
        "5":0.6806119084,
        "6":0.6794353724,
        "7":0.6783466935,
        "8":0.6773324609,
        "9":0.6763803959
    },
    "accuracy":{
        "0":0.8667464256,
        "1":0.8691387773,
        "2":0.8691387773,
        "3":0.8691387773,
        "4":0.8691387773,
        "5":0.8691387773,
        "6":0.8691387773,
        "7":0.8691387773,
        "8":0.8691387773,
        "9":0.8691387773
    },
    "precision":{
        "0":0.8630527854,
        "1":0.8691387773,
        "2":0.8691387773,
        "3":0.8691387773,
        "4":0.8691387773,
        "5":0.8691387773,
        "6":0.8691387773,
        "7":0.8691387773,
        "8":0.8691387773,
        "9":0.8691387773
    },
    "recall":{
        "0":0.8684210777,
        "1":0.8691387773,
        "2":0.8691387773,
        "3":0.8691387773,
        "4":0.8691387773,
        "5":0.8691387773,
        "6":0.8691387773,
        "7":0.8691387773,
        "8":0.8691387773,
        "9":0.8691387773
    },
    "f1":{
        "0":0.8661507368,
        "1":0.867376864,
        "2":0.8694601655,
        "3":0.8684185147,
        "4":0.8694601655,
        "5":0.8694601655,
        "6":0.8705018163,
        "7":0.8699809909,
        "8":0.8694601655,
        "9":0.8678976893
    },
    "val_loss":{
        "0":0.6885096431,
        "1":0.6862129569,
        "2":0.6844362617,
        "3":0.682946384,
        "4":0.6816311479,
        "5":0.6804460883,
        "6":0.6793562174,
        "7":0.6783460379,
        "8":0.6774007082,
        "9":0.6765117645
    },
    "val_accuracy":{
        "0":0.8565279841,
        "1":0.8565279841,
        "2":0.8565279841,
        "3":0.8565279841,
        "4":0.8565279841,
        "5":0.8565279841,
        "6":0.8565279841,
        "7":0.8565279841,
        "8":0.8565279841,
        "9":0.8565279841
    },
    "val_precision":{
        "0":0.8565279841,
        "1":0.8565279841,
        "2":0.8565279841,
        "3":0.8565279841,
        "4":0.8565279841,
        "5":0.8565279841,
        "6":0.8565279841,
        "7":0.8565279841,
        "8":0.8565279841,
        "9":0.8565279841
    },
    "val_recall":{
        "0":0.8565279841,
        "1":0.8565279841,
        "2":0.8565279841,
        "3":0.8565279841,
        "4":0.8565279841,
        "5":0.8565279841,
        "6":0.8565279841,
        "7":0.8565279841,
        "8":0.8565279841,
        "9":0.8565279841
    },
    "val_f1":{
        "0":0.8567612171,
        "1":0.8567612171,
        "2":0.8567612171,
        "3":0.8567612171,
        "4":0.8567612171,
        "5":0.8567612171,
        "6":0.8567612171,
        "7":0.8567612171,
        "8":0.8567612171,
        "9":0.8567612171
    }
}