{
    "loss":{
        "0":0.2238874584,
        "1":0.1283055097,
        "2":0.0980039686,
        "3":0.0839305073,
        "4":0.0749947801,
        "5":0.0604205616,
        "6":0.0453729779,
        "7":0.0443277806,
        "8":0.0386452787,
        "9":0.0316248834
    },
    "accuracy":{
        "0":0.9150717854,
        "1":0.9557416439,
        "2":0.9662679434,
        "3":0.9717703462,
        "4":0.9789473414,
        "5":0.9796651006,
        "6":0.9873206019,
        "7":0.9870813489,
        "8":0.9894737005,
        "9":0.9906698465
    },
    "precision":{
        "0":0.9157919884,
        "1":0.9530057311,
        "2":0.9651301503,
        "3":0.9713261724,
        "4":0.9782505035,
        "5":0.978743732,
        "6":0.9873175621,
        "7":0.9868420959,
        "8":0.9899449348,
        "9":0.9901937246
    },
    "recall":{
        "0":0.91842103,
        "1":0.9557416439,
        "2":0.9667463899,
        "3":0.9724880457,
        "4":0.9791865945,
        "5":0.9803828001,
        "6":0.9870813489,
        "7":0.9868420959,
        "8":0.9892344475,
        "9":0.9904305935
    },
    "f1":{
        "0":0.919485569,
        "1":0.9548638463,
        "2":0.9657806158,
        "3":0.9721941948,
        "4":0.9789537191,
        "5":0.9795326591,
        "6":0.9873315096,
        "7":0.9869864583,
        "8":0.9896970987,
        "9":0.9904127121
    },
    "val_loss":{
        "0":0.1460576802,
        "1":0.1108342409,
        "2":0.0995816514,
        "3":0.1223155558,
        "4":0.09871196,
        "5":0.0912901685,
        "6":0.1170760021,
        "7":0.1087699383,
        "8":0.0927963778,
        "9":0.0964045599
    },
    "val_accuracy":{
        "0":0.9490674138,
        "1":0.9540889263,
        "2":0.9598278403,
        "3":0.9569584131,
        "4":0.9605451822,
        "5":0.9691535234,
        "6":0.9684361815,
        "7":0.9662840962,
        "8":0.9734576941,
        "9":0.9713056087
    },
    "val_precision":{
        "0":0.9477825761,
        "1":0.9540889263,
        "2":0.9584824443,
        "3":0.9556191564,
        "4":0.9605451822,
        "5":0.9677650332,
        "6":0.9684361815,
        "7":0.9662598968,
        "8":0.9734386206,
        "9":0.9713876843
    },
    "val_recall":{
        "0":0.9505021572,
        "1":0.9540889263,
        "2":0.9605451822,
        "3":0.957675755,
        "4":0.9605451822,
        "5":0.9691535234,
        "6":0.9684361815,
        "7":0.9655666947,
        "8":0.9727402925,
        "9":0.974175036
    },
    "val_f1":{
        "0":0.9489561319,
        "1":0.9537274837,
        "2":0.9595431685,
        "3":0.9564921856,
        "4":0.960539639,
        "5":0.968164444,
        "6":0.9681533575,
        "7":0.9656368494,
        "8":0.9727615118,
        "9":0.9724422097
    }
}