{
    "loss":{
        "0":0.2034728229,
        "1":0.1193728819,
        "2":0.0893633217,
        "3":0.0733467788,
        "4":0.0560293235,
        "5":0.0476305038,
        "6":0.0351932123,
        "7":0.0309517235,
        "8":0.0268989559,
        "9":0.0245410167,
        "10":0.022804549,
        "11":0.0182653554
    },
    "accuracy":{
        "0":0.927272737,
        "1":0.958612442,
        "2":0.969856441,
        "3":0.9763157964,
        "4":0.9815789461,
        "5":0.9822966456,
        "6":0.989952147,
        "7":0.9906698465,
        "8":0.9930621982,
        "9":0.9923444986,
        "10":0.9940191507,
        "11":0.9954545498
    },
    "precision":{
        "0":0.9216753244,
        "1":0.9559838176,
        "2":0.9673964977,
        "3":0.9733142853,
        "4":0.9801956415,
        "5":0.9832496047,
        "6":0.9899449348,
        "7":0.9894887805,
        "8":0.9925908446,
        "9":0.9935298562,
        "10":0.9942501187,
        "11":0.9952141643
    },
    "recall":{
        "0":0.9318181872,
        "1":0.9612440467,
        "2":0.9724880457,
        "3":0.9772727489,
        "4":0.9827750921,
        "5":0.9830143452,
        "6":0.9892344475,
        "7":0.9909090996,
        "8":0.9935406446,
        "9":0.9918660522,
        "10":0.9928229451,
        "11":0.9949761033
    },
    "f1":{
        "0":0.9267123342,
        "1":0.9585715532,
        "2":0.9702712297,
        "3":0.9755584002,
        "4":0.9816917777,
        "5":0.9833046794,
        "6":0.9891666174,
        "7":0.9897908568,
        "8":0.993134141,
        "9":0.9927539229,
        "10":0.9936042428,
        "11":0.9951457381
    },
    "val_loss":{
        "0":0.217186749,
        "1":0.1121838316,
        "2":0.1328863055,
        "3":0.0959267616,
        "4":0.2377860099,
        "5":0.1155987829,
        "6":0.1126185581,
        "7":0.0979657173,
        "8":0.1197037995,
        "9":0.1361535341,
        "10":0.1043949127,
        "11":0.1084816158
    },
    "val_accuracy":{
        "0":0.9275466204,
        "1":0.9512194991,
        "2":0.9540889263,
        "3":0.9619799256,
        "4":0.9497848153,
        "5":0.9670014381,
        "6":0.9648493528,
        "7":0.9670014381,
        "8":0.9727402925,
        "9":0.9684361815,
        "10":0.9756097794,
        "11":0.9705882072
    },
    "val_precision":{
        "0":0.9224750996,
        "1":0.9513938427,
        "2":0.9527220726,
        "3":0.9592565894,
        "4":0.9490674138,
        "5":0.9642601609,
        "6":0.9648745656,
        "7":0.9648997188,
        "8":0.9734195471,
        "9":0.96904248,
        "10":0.972818315,
        "11":0.9719626307
    },
    "val_recall":{
        "0":0.9304160476,
        "1":0.9548063278,
        "2":0.9540889263,
        "3":0.9626972675,
        "4":0.9490674138,
        "5":0.96771878,
        "6":0.9655666947,
        "7":0.9662840962,
        "8":0.9720229506,
        "9":0.9655666947,
        "10":0.9756097794,
        "11":0.9698708653
    },
    "val_f1":{
        "0":0.9263400435,
        "1":0.9529240131,
        "2":0.9532712698,
        "3":0.9607757926,
        "4":0.9485903382,
        "5":0.9658961892,
        "6":0.9649654031,
        "7":0.9651241302,
        "8":0.9725853205,
        "9":0.967017889,
        "10":0.9740887284,
        "11":0.9705913663
    }
}