{
    "loss":{
        "0":0.270655632,
        "1":0.1258372962,
        "2":0.0964550152,
        "3":0.0909417719,
        "4":0.067359589,
        "5":0.0532638021,
        "6":0.0458894633,
        "7":0.0465370677,
        "8":0.034485504,
        "9":0.023680767
    },
    "accuracy":{
        "0":0.9062200785,
        "1":0.9543062449,
        "2":0.968660295,
        "3":0.9710526466,
        "4":0.9791865945,
        "5":0.9839712977,
        "6":0.9858851433,
        "7":0.9870813489,
        "8":0.989712894,
        "9":0.9940191507
    },
    "precision":{
        "0":0.9061077833,
        "1":0.9563654065,
        "2":0.9684663415,
        "3":0.9715174437,
        "4":0.978468895,
        "5":0.983504653,
        "6":0.9863440394,
        "7":0.9868452549,
        "8":0.989712894,
        "9":0.9937828779
    },
    "recall":{
        "0":0.9050239325,
        "1":0.9543062449,
        "2":0.969856441,
        "3":0.9710526466,
        "4":0.978468895,
        "5":0.9842105508,
        "6":0.9849282503,
        "7":0.9870813489,
        "8":0.989712894,
        "9":0.9942583442
    },
    "f1":{
        "0":0.9062603712,
        "1":0.9557859898,
        "2":0.9694686532,
        "3":0.9710623026,
        "4":0.9781700969,
        "5":0.9840279818,
        "6":0.9857842326,
        "7":0.9865775704,
        "8":0.9898200631,
        "9":0.9940832853
    },
    "val_loss":{
        "0":0.1874479651,
        "1":0.11959102,
        "2":0.1193913743,
        "3":0.1017999724,
        "4":0.1068282351,
        "5":0.1167744696,
        "6":0.1136319265,
        "7":0.1289812177,
        "8":0.1113793552,
        "9":0.1140295789
    },
    "val_accuracy":{
        "0":0.9210903645,
        "1":0.9540889263,
        "2":0.9634146094,
        "3":0.9662840962,
        "4":0.9605451822,
        "5":0.9598278403,
        "6":0.9626972675,
        "7":0.9555236697,
        "8":0.96771878,
        "9":0.9705882072
    },
    "val_precision":{
        "0":0.9180327654,
        "1":0.9520744085,
        "2":0.9613457322,
        "3":0.9655666947,
        "4":0.9599140882,
        "5":0.9604884982,
        "6":0.9634146094,
        "7":0.9568965435,
        "8":0.9691091776,
        "9":0.9705882072
    },
    "val_recall":{
        "0":0.9239598513,
        "1":0.9548063278,
        "2":0.9634146094,
        "3":0.9655666947,
        "4":0.9619799256,
        "5":0.9591104984,
        "6":0.9634146094,
        "7":0.9555236697,
        "8":0.96771878,
        "9":0.9705882072
    },
    "val_f1":{
        "0":0.920979917,
        "1":0.9533046484,
        "2":0.9623065591,
        "3":0.9653009772,
        "4":0.9605658054,
        "5":0.9597958922,
        "6":0.9631871581,
        "7":0.9559945464,
        "8":0.9683353901,
        "9":0.9702841043
    }
}