{
    "loss":{
        "0":0.3073281348,
        "1":0.1529866159,
        "2":0.125931412,
        "3":0.1061659679,
        "4":0.0938542187,
        "5":0.0850002766,
        "6":0.0769709721,
        "7":0.0715855956,
        "8":0.0588635169,
        "9":0.0514728911
    },
    "accuracy":{
        "0":0.8822966218,
        "1":0.9497607946,
        "2":0.9569377899,
        "3":0.9636363387,
        "4":0.969856441,
        "5":0.9729664922,
        "6":0.9729664922,
        "7":0.9782296419,
        "8":0.9808612466,
        "9":0.9839712977
    },
    "precision":{
        "0":0.8816356063,
        "1":0.9497487545,
        "2":0.9551312923,
        "3":0.9629364014,
        "4":0.9700885415,
        "5":0.9725012183,
        "6":0.9720630646,
        "7":0.9780062437,
        "8":0.9811094999,
        "9":0.983967483
    },
    "recall":{
        "0":0.8820574284,
        "1":0.9495215416,
        "2":0.957416296,
        "3":0.9633971453,
        "4":0.969856441,
        "5":0.9729664922,
        "6":0.9739234447,
        "7":0.978708148,
        "8":0.9815789461,
        "9":0.9837320447
    },
    "f1":{
        "0":0.8828058839,
        "1":0.9496206641,
        "2":0.9567427635,
        "3":0.9635375738,
        "4":0.9697685242,
        "5":0.9730256796,
        "6":0.9732605815,
        "7":0.9775468111,
        "8":0.9815395474,
        "9":0.983499825
    },
    "val_loss":{
        "0":0.1828839481,
        "1":0.1328546703,
        "2":0.1225748956,
        "3":0.10690891,
        "4":0.1000192687,
        "5":0.1064829528,
        "6":0.0947476327,
        "7":0.099400647,
        "8":0.0933277905,
        "9":0.1476555169
    },
    "val_accuracy":{
        "0":0.941893816,
        "1":0.9533715844,
        "2":0.9533715844,
        "3":0.9569584131,
        "4":0.9612625241,
        "5":0.9612625241,
        "6":0.9655666947,
        "7":0.9619799256,
        "8":0.96771878,
        "9":0.9433285594
    },
    "val_precision":{
        "0":0.9418520927,
        "1":0.9526881576,
        "2":0.9513242841,
        "3":0.9569584131,
        "4":0.9612625241,
        "5":0.9599140882,
        "6":0.9655420184,
        "7":0.9633883834,
        "8":0.96771878,
        "9":0.9426934123
    },
    "val_recall":{
        "0":0.9411764741,
        "1":0.9533715844,
        "2":0.9533715844,
        "3":0.9569584131,
        "4":0.9612625241,
        "5":0.9619799256,
        "6":0.9648493528,
        "7":0.9626972675,
        "8":0.96771878,
        "9":0.9440459013
    },
    "val_f1":{
        "0":0.9413175583,
        "1":0.9529079199,
        "2":0.9523227215,
        "3":0.9568168521,
        "4":0.9610510468,
        "5":0.9605548978,
        "6":0.9651477337,
        "7":0.9630112052,
        "8":0.9676416516,
        "9":0.9435217381
    }
}