{
    "loss":{
        "0":0.2030418962,
        "1":0.1227523163,
        "2":0.0862851962,
        "3":0.074385576,
        "4":0.0605888963,
        "5":0.0469116606,
        "6":0.0357386805,
        "7":0.0330349691,
        "8":0.026028892,
        "9":0.0220445301,
        "10":0.0206155833,
        "11":0.019019071,
        "12":0.0148379682
    },
    "accuracy":{
        "0":0.9234449863,
        "1":0.9578947425,
        "2":0.9693779945,
        "3":0.9758373499,
        "4":0.9803828001,
        "5":0.9868420959,
        "6":0.989952147,
        "7":0.9916267991,
        "8":0.9933014512,
        "9":0.9940191507,
        "10":0.9937798977,
        "11":0.9954545498,
        "12":0.9961722493
    },
    "precision":{
        "0":0.911064446,
        "1":0.9502358437,
        "2":0.9622641802,
        "3":0.9674297571,
        "4":0.9771646261,
        "5":0.9828490019,
        "6":0.9866507649,
        "7":0.9894962907,
        "8":0.9921165705,
        "9":0.9930738211,
        "10":0.9930704832,
        "11":0.9949784875,
        "12":0.9959340096
    },
    "recall":{
        "0":0.9337320328,
        "1":0.9638755918,
        "2":0.9760765433,
        "3":0.9806219935,
        "4":0.9827750921,
        "5":0.9870813489,
        "6":0.9901914001,
        "7":0.9916267991,
        "8":0.9935406446,
        "9":0.9947368503,
        "10":0.9942583442,
        "11":0.9954545498,
        "12":0.9961722493
    },
    "f1":{
        "0":0.9224405885,
        "1":0.9574738145,
        "2":0.9684144258,
        "3":0.9737944007,
        "4":0.9801938534,
        "5":0.9848806262,
        "6":0.9885697961,
        "7":0.9906606674,
        "8":0.9929105639,
        "9":0.9934540987,
        "10":0.9937346578,
        "11":0.9952707291,
        "12":0.9960965514
    },
    "val_loss":{
        "0":0.1378751397,
        "1":0.1081744358,
        "2":0.1680713743,
        "3":0.1133854017,
        "4":0.1020277292,
        "5":0.0949123055,
        "6":0.1024924666,
        "7":0.1131684855,
        "8":0.0829966664,
        "9":0.2222324014,
        "10":0.113692157,
        "11":0.1115879714,
        "12":0.2094174474
    },
    "val_accuracy":{
        "0":0.9454806447,
        "1":0.9591104984,
        "2":0.9404591322,
        "3":0.9562410116,
        "4":0.9569584131,
        "5":0.9691535234,
        "6":0.9720229506,
        "7":0.96771878,
        "8":0.9763271213,
        "9":0.9490674138,
        "10":0.9727402925,
        "11":0.9670014381,
        "12":0.957675755
    },
    "val_precision":{
        "0":0.9358703494,
        "1":0.953224659,
        "2":0.9218533635,
        "3":0.9523131847,
        "4":0.9543834925,
        "5":0.9650499225,
        "6":0.9692857265,
        "7":0.9657875896,
        "8":0.9728571177,
        "9":0.9466571808,
        "10":0.970672369,
        "11":0.9649248123,
        "12":0.9563974142
    },
    "val_recall":{
        "0":0.9526542425,
        "1":0.9648493528,
        "2":0.9562410116,
        "3":0.9598278403,
        "4":0.9605451822,
        "5":0.9705882072,
        "6":0.9734576941,
        "7":0.9720229506,
        "8":0.9770444632,
        "9":0.9548063278,
        "10":0.9734576941,
        "11":0.9670014381,
        "12":0.9598278403
    },
    "val_f1":{
        "0":0.9440370798,
        "1":0.9588894248,
        "2":0.9388639331,
        "3":0.9560279846,
        "4":0.9572791457,
        "5":0.9677242041,
        "6":0.9710931182,
        "7":0.968642652,
        "8":0.9747936726,
        "9":0.9506120682,
        "10":0.9717376232,
        "11":0.9658308029,
        "12":0.9581553936
    }
}