{
    "loss":{
        "0":0.6722914577,
        "1":0.583280921,
        "2":0.5261731744,
        "3":0.4864383042,
        "4":0.4599192739,
        "5":0.4417273402,
        "6":0.4257002175,
        "7":0.4141049087,
        "8":0.4046788216,
        "9":0.3986031413
    },
    "accuracy":{
        "0":0.6435406804,
        "1":0.8619617224,
        "2":0.8679425716,
        "3":0.8691387773,
        "4":0.8691387773,
        "5":0.8686602712,
        "6":0.8686602712,
        "7":0.8688995242,
        "8":0.8688995242,
        "9":0.8686602712
    },
    "precision":{
        "0":0.6049729586,
        "1":0.8353356719,
        "2":0.8628339767,
        "3":0.8668257594,
        "4":0.8675274849,
        "5":0.8682950139,
        "6":0.8678297997,
        "7":0.8676540852,
        "8":0.8686916828,
        "9":0.8688681722
    },
    "recall":{
        "0":0.6693779826,
        "1":0.8483253717,
        "2":0.8653110266,
        "3":0.8688995242,
        "4":0.8679425716,
        "5":0.8674641252,
        "6":0.8686602712,
        "7":0.8688995242,
        "8":0.8688995242,
        "9":0.8686602712
    },
    "f1":{
        "0":0.6375140548,
        "1":0.8416753411,
        "2":0.8644785881,
        "3":0.8682117462,
        "4":0.8664959669,
        "5":0.8692655563,
        "6":0.869134903,
        "7":0.8686068654,
        "8":0.8696579337,
        "9":0.8685792089
    },
    "val_loss":{
        "0":0.6196138859,
        "1":0.5525835156,
        "2":0.5082671046,
        "3":0.4775285125,
        "4":0.4557904899,
        "5":0.4398628473,
        "6":0.4280979037,
        "7":0.4191915691,
        "8":0.4124275446,
        "9":0.4070969224
    },
    "val_accuracy":{
        "0":0.8529411554,
        "1":0.8558106422,
        "2":0.8558106422,
        "3":0.8558106422,
        "4":0.8558106422,
        "5":0.8558106422,
        "6":0.8558106422,
        "7":0.8558106422,
        "8":0.8565279841,
        "9":0.8565279841
    },
    "val_precision":{
        "0":0.8235709071,
        "1":0.8540772796,
        "2":0.8544802666,
        "3":0.8558106422,
        "4":0.8564249873,
        "5":0.8564249873,
        "6":0.8564249873,
        "7":0.8565279841,
        "8":0.8565279841,
        "9":0.8571428657
    },
    "val_recall":{
        "0":0.837159276,
        "1":0.8565279841,
        "2":0.8550932407,
        "3":0.8558106422,
        "4":0.8558106422,
        "5":0.8558106422,
        "6":0.8558106422,
        "7":0.8565279841,
        "8":0.8565279841,
        "9":0.8565279841
    },
    "val_f1":{
        "0":0.8306465149,
        "1":0.8555427194,
        "2":0.8550251126,
        "3":0.8560279608,
        "4":0.856336236,
        "5":0.856336236,
        "6":0.856336236,
        "7":0.8567612171,
        "8":0.8567612171,
        "9":0.8570520878
    }
}