{
    "loss":{
        "0":0.2036924511,
        "1":0.1178717166,
        "2":0.0965916961,
        "3":0.0716518462,
        "4":0.0654801875,
        "5":0.0520387329,
        "6":0.0425386615,
        "7":0.0320872404,
        "8":0.0322339088,
        "9":0.0228670109,
        "10":0.0215761103,
        "11":0.017399421,
        "12":0.0147990845,
        "13":0.0151222916,
        "14":0.0120891752,
        "15":0.0129802385,
        "16":0.0112594916,
        "17":0.0150304902,
        "18":0.0125375986,
        "19":0.0113673601
    },
    "accuracy":{
        "0":0.9282296896,
        "1":0.9581339955,
        "2":0.968421042,
        "3":0.9777511954,
        "4":0.9782296419,
        "5":0.9827750921,
        "6":0.9861243963,
        "7":0.9918660522,
        "8":0.9906698465,
        "9":0.9935406446,
        "10":0.9947368503,
        "11":0.9954545498,
        "12":0.9961722493,
        "13":0.9956938028,
        "14":0.9973683953,
        "15":0.9971292019,
        "16":0.9973683953,
        "17":0.9968899488,
        "18":0.9976076484,
        "19":0.9978469014
    },
    "precision":{
        "0":0.9212765694,
        "1":0.9518185854,
        "2":0.9674796462,
        "3":0.9759122133,
        "4":0.975917995,
        "5":0.9804854989,
        "6":0.9854380488,
        "7":0.9913978577,
        "8":0.989952147,
        "9":0.9928297997,
        "10":0.9942611456,
        "11":0.9949820638,
        "12":0.9961731434,
        "13":0.9956958294,
        "14":0.9971305728,
        "15":0.9968907237,
        "16":0.9971305728,
        "17":0.9968899488,
        "18":0.997369051,
        "19":0.9973697066
    },
    "recall":{
        "0":0.9322966337,
        "1":0.9641148448,
        "2":0.9679425955,
        "3":0.9789473414,
        "4":0.9791865945,
        "5":0.9856459498,
        "6":0.9875597954,
        "7":0.9925837517,
        "8":0.989952147,
        "9":0.9937798977,
        "10":0.9947368503,
        "11":0.9961722493,
        "12":0.9964115024,
        "13":0.9961722493,
        "14":0.9976076484,
        "15":0.9971292019,
        "16":0.9976076484,
        "17":0.9968899488,
        "18":0.9976076484,
        "19":0.9978469014
    },
    "f1":{
        "0":0.9271062016,
        "1":0.9581336379,
        "2":0.968046546,
        "3":0.9771462679,
        "4":0.9777860641,
        "5":0.9832537174,
        "6":0.9866470695,
        "7":0.9920773506,
        "8":0.9900621176,
        "9":0.9933711886,
        "10":0.9945604801,
        "11":0.9956394434,
        "12":0.9963332415,
        "13":0.9959772229,
        "14":0.997399509,
        "15":0.9970416427,
        "16":0.9973976612,
        "17":0.9969223738,
        "18":0.9975169897,
        "19":0.9976344109
    },
    "val_loss":{
        "0":0.1379929632,
        "1":0.1663586646,
        "2":0.0945902988,
        "3":0.0988400131,
        "4":0.0884584635,
        "5":0.0974482298,
        "6":0.0835351646,
        "7":0.0990887359,
        "8":0.0781837106,
        "9":0.116371803,
        "10":0.1496548355,
        "11":0.1370314062,
        "12":0.1425035149,
        "13":0.1165606603,
        "14":0.1773311198,
        "15":0.1293408424,
        "16":0.1748165488,
        "17":0.1629465222,
        "18":0.1584110707,
        "19":0.2247906476
    },
    "val_accuracy":{
        "0":0.9461979866,
        "1":0.9440459013,
        "2":0.9605451822,
        "3":0.9583930969,
        "4":0.9662840962,
        "5":0.9684361815,
        "6":0.9684361815,
        "7":0.9734576941,
        "8":0.9748923779,
        "9":0.9684361815,
        "10":0.9655666947,
        "11":0.9684361815,
        "12":0.9720229506,
        "13":0.9756097794,
        "14":0.9670014381,
        "15":0.9734576941,
        "16":0.9698708653,
        "17":0.9705882072,
        "18":0.9734576941,
        "19":0.9662840962
    },
    "val_precision":{
        "0":0.939759016,
        "1":0.9434097409,
        "2":0.959343791,
        "3":0.9578270316,
        "4":0.9649999738,
        "5":0.9670958519,
        "6":0.9665003419,
        "7":0.9720630646,
        "8":0.9749283791,
        "9":0.9671193957,
        "10":0.9642601609,
        "11":0.9671193957,
        "12":0.9720830321,
        "13":0.9763101339,
        "14":0.9670014381,
        "15":0.9727598429,
        "16":0.9698708653,
        "17":0.9720229506,
        "18":0.9734576941,
        "19":0.9669777751
    },
    "val_recall":{
        "0":0.9512194991,
        "1":0.9447632432,
        "2":0.9648493528,
        "3":0.9612625241,
        "4":0.9691535234,
        "5":0.9698708653,
        "6":0.9727402925,
        "7":0.9734576941,
        "8":0.9763271213,
        "9":0.9705882072,
        "10":0.96771878,
        "11":0.9705882072,
        "12":0.974175036,
        "13":0.9756097794,
        "14":0.9670014381,
        "15":0.9734576941,
        "16":0.9698708653,
        "17":0.9720229506,
        "18":0.9734576941,
        "19":0.9662840962
    },
    "val_f1":{
        "0":0.9453254938,
        "1":0.9442591071,
        "2":0.9618602395,
        "3":0.9594982266,
        "4":0.9668210745,
        "5":0.9681640863,
        "6":0.9692926407,
        "7":0.9724422693,
        "8":0.9752885699,
        "9":0.9686909318,
        "10":0.9655315876,
        "11":0.968588233,
        "12":0.9728221893,
        "13":0.9755910635,
        "14":0.9668341279,
        "15":0.9727781415,
        "16":0.9695513248,
        "17":0.9717207551,
        "18":0.9733237624,
        "19":0.9665680528
    }
}