{
    "loss":{
        "0":0.1928025484,
        "1":0.1134786457,
        "2":0.0928746238,
        "3":0.0700311214,
        "4":0.0558001138,
        "5":0.0428361818,
        "6":0.0346213467,
        "7":0.0314480998,
        "8":0.0258049667,
        "9":0.0222503133,
        "10":0.0212984681
    },
    "accuracy":{
        "0":0.9318181872,
        "1":0.9588516951,
        "2":0.9700956941,
        "3":0.9789473414,
        "4":0.9818181992,
        "5":0.9877990484,
        "6":0.9877990484,
        "7":0.9909090996,
        "8":0.9933014512,
        "9":0.9928229451,
        "10":0.9947368503
    },
    "precision":{
        "0":0.9337030053,
        "1":0.9592424035,
        "2":0.96875,
        "3":0.9775441885,
        "4":0.9808932543,
        "5":0.9861443043,
        "6":0.9873327017,
        "7":0.9892498851,
        "8":0.9928264022,
        "9":0.9914039969,
        "10":0.9942652583
    },
    "recall":{
        "0":0.9265550375,
        "1":0.957177043,
        "2":0.9715310931,
        "3":0.9789473414,
        "4":0.9825358987,
        "5":0.9875597954,
        "6":0.9882774949,
        "7":0.9906698465,
        "8":0.9933014512,
        "9":0.9933014512,
        "10":0.9954545498
    },
    "f1":{
        "0":0.929464221,
        "1":0.9585924745,
        "2":0.9704867005,
        "3":0.9784901738,
        "4":0.9819116592,
        "5":0.986995697,
        "6":0.9879422188,
        "7":0.9900658131,
        "8":0.9931417704,
        "9":0.9924316406,
        "10":0.9949200749
    },
    "val_loss":{
        "0":0.1436978281,
        "1":0.1041432619,
        "2":0.0986165702,
        "3":0.1285843402,
        "4":0.1127247736,
        "5":0.1055789664,
        "6":0.0797175094,
        "7":0.1299569756,
        "8":0.1078119129,
        "9":0.1009844467,
        "10":0.0931239724
    },
    "val_accuracy":{
        "0":0.9461979866,
        "1":0.9562410116,
        "2":0.9655666947,
        "3":0.9505021572,
        "4":0.9655666947,
        "5":0.9662840962,
        "6":0.9756097794,
        "7":0.9583930969,
        "8":0.9727402925,
        "9":0.9734576941,
        "10":0.9684361815
    },
    "val_precision":{
        "0":0.9468008876,
        "1":0.9562724233,
        "2":0.966332376,
        "3":0.9506084323,
        "4":0.9640804529,
        "5":0.9655913711,
        "6":0.970839262,
        "7":0.9551281929,
        "8":0.9721229672,
        "9":0.9727598429,
        "10":0.9671193957
    },
    "val_recall":{
        "0":0.9447632432,
        "1":0.9569584131,
        "2":0.96771878,
        "3":0.9526542425,
        "4":0.9626972675,
        "5":0.9662840962,
        "6":0.9791965485,
        "7":0.9619799256,
        "8":0.9756097794,
        "9":0.9734576941,
        "10":0.9705882072
    },
    "val_f1":{
        "0":0.9459314942,
        "1":0.9564204812,
        "2":0.9669646621,
        "3":0.9517251849,
        "4":0.9631366134,
        "5":0.9658854008,
        "6":0.9746602774,
        "7":0.9584444165,
        "8":0.9737091064,
        "9":0.9729821682,
        "10":0.9687334299
    }
}