{
    "loss":{
        "0":0.253181994,
        "1":0.1273514032,
        "2":0.1100773886,
        "3":0.0808208585,
        "4":0.0751161426,
        "5":0.057021942,
        "6":0.0549067296,
        "7":0.0507892258,
        "8":0.0424805693,
        "9":0.0323110223
    },
    "accuracy":{
        "0":0.9177033305,
        "1":0.957177043,
        "2":0.9648325443,
        "3":0.9729664922,
        "4":0.9751195908,
        "5":0.9837320447,
        "6":0.9834928513,
        "7":0.9842105508,
        "8":0.9892344475,
        "9":0.9916267991
    },
    "precision":{
        "0":0.9104053378,
        "1":0.9564905763,
        "2":0.9632019401,
        "3":0.9731800556,
        "4":0.9760421515,
        "5":0.9837164879,
        "6":0.9837203622,
        "7":0.9832895398,
        "8":0.9894661307,
        "9":0.9911462069
    },
    "recall":{
        "0":0.9188995361,
        "1":0.957177043,
        "2":0.9643540382,
        "3":0.9722487926,
        "4":0.9746411443,
        "5":0.9827750921,
        "6":0.9830143452,
        "7":0.9854066968,
        "8":0.988756001,
        "9":0.9909090996
    },
    "f1":{
        "0":0.9164068699,
        "1":0.9567678571,
        "2":0.9641627073,
        "3":0.9729939103,
        "4":0.9755945206,
        "5":0.9834296703,
        "6":0.9825072885,
        "7":0.9845181108,
        "8":0.9892234802,
        "9":0.9911248088
    },
    "val_loss":{
        "0":0.1474231482,
        "1":0.1468625665,
        "2":0.1126245186,
        "3":0.120997645,
        "4":0.1203763336,
        "5":0.1244156361,
        "6":0.1196557358,
        "7":0.1072344556,
        "8":0.154204011,
        "9":0.1126218066
    },
    "val_accuracy":{
        "0":0.9426112175,
        "1":0.9440459013,
        "2":0.9605451822,
        "3":0.9555236697,
        "4":0.9555236697,
        "5":0.9540889263,
        "6":0.9648493528,
        "7":0.9655666947,
        "8":0.9512194991,
        "9":0.9655666947
    },
    "val_precision":{
        "0":0.9419354796,
        "1":0.9413866997,
        "2":0.9618430734,
        "3":0.9555236697,
        "4":0.9554597735,
        "5":0.9527220726,
        "6":0.9626972675,
        "7":0.9655420184,
        "8":0.951149404,
        "9":0.9655420184
    },
    "val_recall":{
        "0":0.9426112175,
        "1":0.9447632432,
        "2":0.9583930969,
        "3":0.9555236697,
        "4":0.9540889263,
        "5":0.9540889263,
        "6":0.9626972675,
        "7":0.9648493528,
        "8":0.9497848153,
        "9":0.9648493528
    },
    "val_f1":{
        "0":0.9424698353,
        "1":0.9428594708,
        "2":0.9601202607,
        "3":0.9555680752,
        "4":0.9546310902,
        "5":0.9534538388,
        "6":0.9623054266,
        "7":0.9649433494,
        "8":0.9503641129,
        "9":0.9649378061
    }
}