{
    "loss":{
        "0":0.1980601847,
        "1":0.1185195893,
        "2":0.0963194966,
        "3":0.0747678801,
        "4":0.0596741699,
        "5":0.049536109,
        "6":0.0396054462,
        "7":0.0298562199,
        "8":0.0295374114,
        "9":0.0227235612
    },
    "accuracy":{
        "0":0.9277511835,
        "1":0.957177043,
        "2":0.9648325443,
        "3":0.9765550494,
        "4":0.9815789461,
        "5":0.9825358987,
        "6":0.9866028428,
        "7":0.9916267991,
        "8":0.9911483526,
        "9":0.9930621982
    },
    "precision":{
        "0":0.9222011566,
        "1":0.9618173242,
        "2":0.9661545753,
        "3":0.978574872,
        "4":0.9820402265,
        "5":0.9836499095,
        "6":0.9887100458,
        "7":0.9930388927,
        "8":0.9918504357,
        "9":0.9940105677
    },
    "recall":{
        "0":0.9301435351,
        "1":0.9521530867,
        "2":0.9629186392,
        "3":0.9724880457,
        "4":0.9811004996,
        "5":0.978708148,
        "6":0.9846889973,
        "7":0.989712894,
        "8":0.989952147,
        "9":0.9925837517
    },
    "f1":{
        "0":0.927828908,
        "1":0.9573428631,
        "2":0.9643577337,
        "3":0.9757524133,
        "4":0.9817701578,
        "5":0.9813334346,
        "6":0.9868130684,
        "7":0.9914548397,
        "8":0.9909684062,
        "9":0.9933544397
    },
    "val_loss":{
        "0":0.1396765262,
        "1":0.1312817335,
        "2":0.1065317318,
        "3":0.1088283882,
        "4":0.1012497693,
        "5":0.10468629,
        "6":0.0826707259,
        "7":0.1111747175,
        "8":0.1094992384,
        "9":0.105894506
    },
    "val_accuracy":{
        "0":0.9483500719,
        "1":0.9505021572,
        "2":0.9619799256,
        "3":0.9634146094,
        "4":0.9648493528,
        "5":0.9619799256,
        "6":0.9727402925,
        "7":0.96771878,
        "8":0.9713056087,
        "9":0.974175036
    },
    "val_precision":{
        "0":0.9515895844,
        "1":0.9497126341,
        "2":0.9619526267,
        "3":0.9640804529,
        "4":0.967625916,
        "5":0.9639249444,
        "6":0.9761904478,
        "7":0.9690870047,
        "8":0.9739508033,
        "9":0.9748743773
    },
    "val_recall":{
        "0":0.9447632432,
        "1":0.9483500719,
        "2":0.9612625241,
        "3":0.9626972675,
        "4":0.9648493528,
        "5":0.9583930969,
        "6":0.9705882072,
        "7":0.9670014381,
        "8":0.9655666947,
        "9":0.974175036
    },
    "val_f1":{
        "0":0.9480375051,
        "1":0.9490833282,
        "2":0.9613859057,
        "3":0.9631426334,
        "4":0.9659774303,
        "5":0.9608596563,
        "6":0.9732229114,
        "7":0.9677507281,
        "8":0.9694905877,
        "9":0.9743748307
    }
}