{
    "loss":{
        "0":0.2690466046,
        "1":0.1461467594,
        "2":0.1301506609,
        "3":0.1095148399,
        "4":0.0896927491,
        "5":0.0840248615,
        "6":0.0766327158,
        "7":0.0690248311,
        "8":0.0636773407,
        "9":0.0747241899
    },
    "accuracy":{
        "0":0.9047846794,
        "1":0.9526315928,
        "2":0.9576554894,
        "3":0.967224896,
        "4":0.9703349471,
        "5":0.9722487926,
        "6":0.978708148,
        "7":0.979904294,
        "8":0.979904294,
        "9":0.9758373499
    },
    "precision":{
        "0":0.901304841,
        "1":0.9530314207,
        "2":0.9571974874,
        "3":0.9656242728,
        "4":0.9712712765,
        "5":0.9731608033,
        "6":0.9775441885,
        "7":0.9799187183,
        "8":0.9791965485,
        "9":0.9762703776
    },
    "recall":{
        "0":0.9088516831,
        "1":0.9514353871,
        "2":0.9576554894,
        "3":0.9677033424,
        "4":0.9705741405,
        "5":0.9715310931,
        "6":0.9789473414,
        "7":0.9806219935,
        "8":0.9796651006,
        "9":0.9744018912
    },
    "f1":{
        "0":0.9058058858,
        "1":0.9516744018,
        "2":0.9573583603,
        "3":0.9670171738,
        "4":0.9701724052,
        "5":0.9721317887,
        "6":0.9784781933,
        "7":0.9799613953,
        "8":0.9786036015,
        "9":0.9735059738
    },
    "val_loss":{
        "0":0.1547157913,
        "1":0.124016203,
        "2":0.1208413988,
        "3":0.1096007153,
        "4":0.1056482419,
        "5":0.1134593636,
        "6":0.1144663095,
        "7":0.0888203681,
        "8":0.1152118444,
        "9":0.0839921907
    },
    "val_accuracy":{
        "0":0.9454806447,
        "1":0.9533715844,
        "2":0.9540889263,
        "3":0.9591104984,
        "4":0.9619799256,
        "5":0.9641320109,
        "6":0.9555236697,
        "7":0.9691535234,
        "8":0.9583930969,
        "9":0.9705882072
    },
    "val_precision":{
        "0":0.9461593628,
        "1":0.9527220726,
        "2":0.9547738433,
        "3":0.9584229589,
        "4":0.9620344043,
        "5":0.9654924273,
        "6":0.9568965435,
        "7":0.9685264826,
        "8":0.9590222836,
        "9":0.9712643623
    },
    "val_recall":{
        "0":0.9454806447,
        "1":0.9540889263,
        "2":0.9540889263,
        "3":0.9591104984,
        "4":0.9634146094,
        "5":0.9634146094,
        "6":0.9555236697,
        "7":0.9713056087,
        "8":0.9569584131,
        "9":0.9698708653
    },
    "val_f1":{
        "0":0.9457727671,
        "1":0.9534649253,
        "2":0.9542787671,
        "3":0.9585790634,
        "4":0.9627304077,
        "5":0.9644094706,
        "6":0.95605129,
        "7":0.9698221684,
        "8":0.9579896331,
        "9":0.9704549313
    }
}