{
    "loss":{
        "0":0.273018837,
        "1":0.1622443795,
        "2":0.1292111129,
        "3":0.1188635379,
        "4":0.1093428656,
        "5":0.1021662056,
        "6":0.0970382541,
        "7":0.0897664949,
        "8":0.0834659562,
        "9":0.0793037042
    },
    "accuracy":{
        "0":0.9083731771,
        "1":0.9449760914,
        "2":0.957416296,
        "3":0.9617224932,
        "4":0.9643540382,
        "5":0.9679425955,
        "6":0.9674640894,
        "7":0.9712918401,
        "8":0.9727272987,
        "9":0.9736841917
    },
    "precision":{
        "0":0.9026653767,
        "1":0.9438604712,
        "2":0.9570097923,
        "3":0.9615108967,
        "4":0.9634495974,
        "5":0.967240572,
        "6":0.9679118991,
        "7":0.969660759,
        "8":0.9720630646,
        "9":0.975089848
    },
    "recall":{
        "0":0.9074162841,
        "1":0.9452152848,
        "2":0.958612442,
        "3":0.9622009397,
        "4":0.9648325443,
        "5":0.9677033424,
        "6":0.9669856429,
        "7":0.9710526466,
        "8":0.9739234447,
        "9":0.9739234447
    },
    "f1":{
        "0":0.9069481492,
        "1":0.9451187253,
        "2":0.9579698443,
        "3":0.9612368345,
        "4":0.9639982581,
        "5":0.9678210616,
        "6":0.9667350054,
        "7":0.9706709981,
        "8":0.9727620482,
        "9":0.9747745395
    },
    "val_loss":{
        "0":0.1651189774,
        "1":0.1442019343,
        "2":0.1238963008,
        "3":0.1170781925,
        "4":0.1186424717,
        "5":0.1162139252,
        "6":0.119280912,
        "7":0.1321525574,
        "8":0.1272881031,
        "9":0.1176060662
    },
    "val_accuracy":{
        "0":0.9325681329,
        "1":0.9447632432,
        "2":0.957675755,
        "3":0.9641320109,
        "4":0.9569584131,
        "5":0.9591104984,
        "6":0.9548063278,
        "7":0.9540889263,
        "8":0.9591104984,
        "9":0.9569584131
    },
    "val_precision":{
        "0":0.9327610731,
        "1":0.943490684,
        "2":0.9583333135,
        "3":0.9614285827,
        "4":0.9569274783,
        "5":0.9584824443,
        "6":0.9548063278,
        "7":0.9520744085,
        "8":0.9591104984,
        "9":0.9569274783
    },
    "val_recall":{
        "0":0.9354375601,
        "1":0.9461979866,
        "2":0.9569584131,
        "3":0.9655666947,
        "4":0.9562410116,
        "5":0.9605451822,
        "6":0.9548063278,
        "7":0.9548063278,
        "8":0.9591104984,
        "9":0.9562410116
    },
    "val_f1":{
        "0":0.9341724515,
        "1":0.9450132251,
        "2":0.9574552178,
        "3":0.9630819559,
        "4":0.9564151168,
        "5":0.9594991207,
        "6":0.9546474814,
        "7":0.9531057477,
        "8":0.9589204192,
        "9":0.9562326074
    }
}