{
    "loss":{
        "0":0.2565049529,
        "1":0.1239133105,
        "2":0.0934129432,
        "3":0.0863037854,
        "4":0.0613032356,
        "5":0.0494093113,
        "6":0.0391493626,
        "7":0.0335081071,
        "8":0.0292279646,
        "9":0.0299890842
    },
    "accuracy":{
        "0":0.9090909362,
        "1":0.9605262876,
        "2":0.9677033424,
        "3":0.9693779945,
        "4":0.978708148,
        "5":0.9854066968,
        "6":0.9880383015,
        "7":0.9911483526,
        "8":0.9911483526,
        "9":0.9918660522
    },
    "precision":{
        "0":0.909440279,
        "1":0.9595403671,
        "2":0.9678965211,
        "3":0.9691756368,
        "4":0.9791865945,
        "5":0.9846963286,
        "6":0.9873387218,
        "7":0.9909090996,
        "8":0.9916267991,
        "9":0.9920995831
    },
    "recall":{
        "0":0.905741632,
        "1":0.9588516951,
        "2":0.9665071964,
        "3":0.9703349471,
        "4":0.9791865945,
        "5":0.9851674438,
        "6":0.988756001,
        "7":0.9909090996,
        "8":0.9916267991,
        "9":0.9913875461
    },
    "f1":{
        "0":0.9072538614,
        "1":0.9596247077,
        "2":0.9675487876,
        "3":0.9701161385,
        "4":0.9793995023,
        "5":0.9845717549,
        "6":0.9881738424,
        "7":0.9904772639,
        "8":0.9917120337,
        "9":0.9918259382
    },
    "val_loss":{
        "0":0.1996211559,
        "1":0.1065414324,
        "2":0.124047026,
        "3":0.0910514221,
        "4":0.1043136343,
        "5":0.141717121,
        "6":0.0967053771,
        "7":0.0938538983,
        "8":0.195615679,
        "9":0.1064108983
    },
    "val_accuracy":{
        "0":0.9296987057,
        "1":0.9619799256,
        "2":0.9562410116,
        "3":0.9648493528,
        "4":0.9555236697,
        "5":0.9505021572,
        "6":0.9698708653,
        "7":0.9684361815,
        "8":0.9447632432,
        "9":0.9655666947
    },
    "val_precision":{
        "0":0.9303160906,
        "1":0.9619526267,
        "2":0.9548386931,
        "3":0.9648493528,
        "4":0.9569274783,
        "5":0.9484978318,
        "6":0.9698708653,
        "7":0.9690870047,
        "8":0.9447632432,
        "9":0.9655666947
    },
    "val_recall":{
        "0":0.9289813638,
        "1":0.9612625241,
        "2":0.9555236697,
        "3":0.9648493528,
        "4":0.9562410116,
        "5":0.9512194991,
        "6":0.9698708653,
        "7":0.9670014381,
        "8":0.9447632432,
        "9":0.9655666947
    },
    "val_f1":{
        "0":0.9295569062,
        "1":0.9613978863,
        "2":0.9552485943,
        "3":0.9648010135,
        "4":0.9568343759,
        "5":0.9497479796,
        "6":0.9697725773,
        "7":0.9679828882,
        "8":0.944119215,
        "9":0.965511322
    }
}